name,email,role,department,givenName,surname,jobTitle,employeeType,companyName,officeLocation,streetAddress,city,state,country,postalCode,usageLocation,preferredLanguage,mobilePhone,businessPhones,employeeId,employeeHireDate,VTeam,BenefitPlan,ManagerEmail,CostCenter,BuildingAccess,ProjectCode,WritingStyle,Specialization,skills,languages,aboutMe
Isabella Rossi,isabella.rossi@a830edad9050849coep9vqp9bog.onmicrosoft.com,CEO,Executive,Isabella,Rossi,Chief Executive Officer,Employee,TextCraft Europe,Milan HQ,Via Monte Napoleone 8,Milan,Lombardy,Italy,20121,IT,it-IT,+39 02 1234 5001,"['+39 02 8765 4321']",TCE001,2018-01-15,Executive Leadership,Executive Plus,,EXEC,Level-5,EXEC-001,Strategic,Leadership,"['Strategic Planning','Business Development','Publishing Industry','Team Leadership','Corporate Communications']","['Italian (Native)','English (Fluent)','French (Professional)']","Founder and CEO of TextCraft Europe with 20+ years in publishing and content creation. Built the company from a small Milan studio to a pan-European writing collective serving Fortune 500 clients."
Henrik Lindqvist,henrik.lindqvist@a830edad9050849coep9vqp9bog.onmicrosoft.com,COO,Executive,Henrik,Lindqvist,Chief Operating Officer,Employee,TextCraft Europe,Stockholm Office,Strandvägen 7A,Stockholm,Stockholm,Sweden,11456,SE,sv-SE,+46 8 1234 5002,"['+46 8 8765 4322']",TCE002,2018-03-01,Executive Leadership,Executive Plus,isabella.rossi@a830edad9050849coep9vqp9bog.onmicrosoft.com,EXEC,Level-5,EXEC-002,Operational,Leadership,"['Operations Management','Process Optimization','Workflow Design','Quality Management','Agile Methodologies']","['Swedish (Native)','English (Fluent)','Norwegian (Conversational)']","Operations leader with expertise in scaling creative organizations. Previously ran operations for a Nordic publishing house handling 500+ titles annually."
Marie Dubois,marie.dubois@a830edad9050849coep9vqp9bog.onmicrosoft.com,CFO,Executive,Marie,Dubois,Chief Financial Officer,Employee,TextCraft Europe,Paris Office,Avenue des Champs-Élysées 101,Paris,Île-de-France,France,75008,FR,fr-FR,+33 1 1234 5003,"['+33 1 8765 4323']",TCE003,2018-06-15,Executive Leadership,Executive Plus,isabella.rossi@a830edad9050849coep9vqp9bog.onmicrosoft.com,EXEC,Level-5,EXEC-003,Financial,Leadership,"['Financial Planning','Budget Management','M&A','Risk Assessment','International Taxation']","['French (Native)','English (Fluent)','German (Professional)']","Financial executive with background in media and publishing. Expert in managing finances across multiple European jurisdictions and currencies."
Sebastian Mueller,sebastian.mueller@a830edad9050849coep9vqp9bog.onmicrosoft.com,CCO,Executive,Sebastian,Mueller,Chief Creative Officer,Employee,TextCraft Europe,Berlin Office,Friedrichstraße 191,Berlin,Berlin,Germany,10117,DE,de-DE,+49 30 1234 5004,"['+49 30 8765 4324']",TCE004,2018-09-01,Executive Leadership,Executive Plus,isabella.rossi@a830edad9050849coep9vqp9bog.onmicrosoft.com,EXEC,Level-5,EXEC-004,Creative Direction,Leadership,"['Creative Direction','Content Strategy','Brand Voice Development','Editorial Leadership','Style Guide Creation']","['German (Native)','English (Fluent)','Spanish (Conversational)']","Award-winning creative director who has shaped brand voices for major European companies. Passionate about elevating written communication to an art form."
Emma Thompson,emma.thompson@a830edad9050849coep9vqp9bog.onmicrosoft.com,Chief Client Officer,Executive,Emma,Thompson,Chief Client Officer,Employee,TextCraft Europe,London Office,1 Regent Street,London,England,United Kingdom,SW1Y 4NR,GB,en-GB,+44 20 1234 5005,"['+44 20 8765 4325']",TCE005,2019-01-10,Executive Leadership,Executive Plus,isabella.rossi@a830edad9050849coep9vqp9bog.onmicrosoft.com,EXEC,Level-5,EXEC-005,Client Relations,Leadership,"['Client Strategy','Relationship Management','Business Development','Contract Negotiation','Enterprise Sales']","['English (Native)','French (Professional)','Italian (Conversational)']","Client-focused executive with 15 years building lasting partnerships with enterprise clients. Believes great writing is the foundation of great business relationships."
James O'Brien,james.obrien@a830edad9050849coep9vqp9bog.onmicrosoft.com,Key Account Director,Key Accounts,James,O'Brien,Senior Key Account Director,Employee,TextCraft Europe,Dublin Office,St. Stephen's Green 25,Dublin,Leinster,Ireland,D02 XY88,IE,en-IE,+353 1 234 5006,"['+353 1 876 5326']",TCE006,2019-03-15,Key Account Management,Standard,emma.thompson@a830edad9050849coep9vqp9bog.onmicrosoft.com,KEY-ACCT,Level-4,KA-001,Consultative,Enterprise Clients,"['Enterprise Account Management','Strategic Planning','Client Presentations','Proposal Writing','Stakeholder Management']","['English (Native)','Irish (Conversational)']","Leads the Key Account team across Europe. Specializes in building multi-year strategic partnerships with enterprise clients requiring ongoing content services."
Sophie Martin,sophie.martin@a830edad9050849coep9vqp9bog.onmicrosoft.com,Key Account Manager,Key Accounts,Sophie,Martin,Key Account Manager,Employee,TextCraft Europe,Paris Office,Avenue des Champs-Élysées 101,Paris,Île-de-France,France,75008,FR,fr-FR,+33 1 1234 5007,"['+33 1 8765 4327']",TCE007,2019-05-20,Key Account Management,Standard,james.obrien@a830edad9050849coep9vqp9bog.onmicrosoft.com,KEY-ACCT,Level-3,KA-002,Relationship,Fashion & Luxury,"['Luxury Brand Communication','Fashion Industry Knowledge','Client Relations','French Market Expertise','Trend Analysis']","['French (Native)','English (Fluent)','Italian (Professional)']","Manages key accounts in the fashion and luxury sector. Deep understanding of brand voice requirements for high-end European fashion houses."
Carlos Garcia,carlos.garcia@a830edad9050849coep9vqp9bog.onmicrosoft.com,Key Account Manager,Key Accounts,Carlos,Garcia,Key Account Manager,Employee,TextCraft Europe,Madrid Office,Gran Vía 32,Madrid,Madrid,Spain,28013,ES,es-ES,+34 91 234 5008,"['+34 91 876 5328']",TCE008,2019-07-01,Key Account Management,Standard,james.obrien@a830edad9050849coep9vqp9bog.onmicrosoft.com,KEY-ACCT,Level-3,KA-003,Consultative,Technology,"['Technology Sector','SaaS Communications','Technical Product Marketing','Spanish Market','LATAM Expansion']","['Spanish (Native)','English (Fluent)','Portuguese (Conversational)']","Technology sector specialist managing accounts for software and SaaS companies. Bridges technical complexity with clear, compelling communication."
Anna Kowalski,anna.kowalski@a830edad9050849coep9vqp9bog.onmicrosoft.com,Key Account Manager,Key Accounts,Anna,Kowalski,Key Account Manager,Employee,TextCraft Europe,Warsaw Office,Aleje Jerozolimskie 65,Warsaw,Mazovia,Poland,00-697,PL,pl-PL,+48 22 234 5009,"['+48 22 876 5329']",TCE009,2019-09-15,Key Account Management,Standard,james.obrien@a830edad9050849coep9vqp9bog.onmicrosoft.com,KEY-ACCT,Level-3,KA-004,Relationship,Manufacturing,"['Manufacturing Industry','Supply Chain Communications','CEE Market Expertise','Industrial B2B','Trade Publications']","['Polish (Native)','English (Fluent)','German (Professional)']","Central and Eastern European manufacturing specialist. Helps industrial clients communicate complex products and processes to diverse stakeholders."
Thomas Van der Berg,thomas.vanderberg@a830edad9050849coep9vqp9bog.onmicrosoft.com,Key Account Manager,Key Accounts,Thomas,Van der Berg,Key Account Manager,Employee,TextCraft Europe,Amsterdam Office,Herengracht 182,Amsterdam,North Holland,Netherlands,1016 BR,NL,nl-NL,+31 20 234 5010,"['+31 20 876 5330']",TCE010,2019-11-01,Key Account Management,Standard,james.obrien@a830edad9050849coep9vqp9bog.onmicrosoft.com,KEY-ACCT,Level-3,KA-005,Consultative,Finance,"['Financial Services','Banking Communications','Regulatory Writing','Dutch Market','Investment Content']","['Dutch (Native)','English (Fluent)','German (Professional)']","Financial services expert managing accounts for banks, insurance companies, and investment firms. Ensures compliance-friendly yet engaging financial content."
Lena Braun,lena.braun@a830edad9050849coep9vqp9bog.onmicrosoft.com,Key Account Manager,Key Accounts,Lena,Braun,Key Account Manager,Employee,TextCraft Europe,Berlin Office,Friedrichstraße 191,Berlin,Berlin,Germany,10117,DE,de-DE,+49 30 234 5011,"['+49 30 876 5331']",TCE011,2020-01-20,Key Account Management,Standard,james.obrien@a830edad9050849coep9vqp9bog.onmicrosoft.com,KEY-ACCT,Level-3,KA-006,Relationship,Automotive,"['Automotive Industry','Technical Marketing','German OEM Expertise','Sustainability Communications','Electric Mobility']","['German (Native)','English (Fluent)','French (Conversational)']","Automotive specialist working with German OEMs and suppliers. Expert in translating complex engineering achievements into compelling brand stories."
Marco Bianchi,marco.bianchi@a830edad9050849coep9vqp9bog.onmicrosoft.com,Key Account Manager,Key Accounts,Marco,Bianchi,Key Account Manager,Employee,TextCraft Europe,Milan HQ,Via Monte Napoleone 8,Milan,Lombardy,Italy,20121,IT,it-IT,+39 02 234 5012,"['+39 02 876 5332']",TCE012,2020-03-10,Key Account Management,Standard,james.obrien@a830edad9050849coep9vqp9bog.onmicrosoft.com,KEY-ACCT,Level-3,KA-007,Consultative,Design,"['Design Industry','Architecture Communications','Italian Design Heritage','Furniture Sector','Exhibition Content']","['Italian (Native)','English (Fluent)','French (Professional)']","Design and architecture specialist with deep roots in Italian design culture. Helps design firms articulate their creative vision to global audiences."
Eva Svensson,eva.svensson@a830edad9050849coep9vqp9bog.onmicrosoft.com,Key Account Manager,Key Accounts,Eva,Svensson,Key Account Manager,Employee,TextCraft Europe,Stockholm Office,Strandvägen 7A,Stockholm,Stockholm,Sweden,11456,SE,sv-SE,+46 8 234 5013,"['+46 8 876 5333']",TCE013,2020-05-25,Key Account Management,Standard,james.obrien@a830edad9050849coep9vqp9bog.onmicrosoft.com,KEY-ACCT,Level-3,KA-008,Relationship,Healthcare,"['Healthcare Communications','Pharmaceutical Marketing','Nordic Healthcare Systems','Patient Education','Clinical Documentation']","['Swedish (Native)','English (Fluent)','Danish (Professional)']","Healthcare and pharmaceutical specialist ensuring clear, compliant, and compassionate medical communications for Nordic healthcare clients."
Miguel Santos,miguel.santos@a830edad9050849coep9vqp9bog.onmicrosoft.com,Key Account Manager,Key Accounts,Miguel,Santos,Key Account Manager,Employee,TextCraft Europe,Lisbon Office,Avenida da Liberdade 110,Lisbon,Lisbon,Portugal,1269-046,PT,pt-PT,+351 21 234 5014,"['+351 21 876 5334']",TCE014,2020-08-01,Key Account Management,Standard,james.obrien@a830edad9050849coep9vqp9bog.onmicrosoft.com,KEY-ACCT,Level-3,KA-009,Consultative,Tourism,"['Tourism Industry','Hospitality Communications','Portuguese Market','Destination Marketing','Travel Content']","['Portuguese (Native)','English (Fluent)','Spanish (Professional)']","Tourism and hospitality expert helping hotels, resorts, and destinations craft compelling travel narratives for the European and global markets."
Pierre Lefevre,pierre.lefevre@a830edad9050849coep9vqp9bog.onmicrosoft.com,Key Account Manager,Key Accounts,Pierre,Lefevre,Key Account Manager,Employee,TextCraft Europe,Brussels Office,Avenue Louise 54,Brussels,Brussels,Belgium,1050,BE,fr-BE,+32 2 234 5015,"['+32 2 876 5335']",TCE015,2020-10-15,Key Account Management,Standard,james.obrien@a830edad9050849coep9vqp9bog.onmicrosoft.com,KEY-ACCT,Level-3,KA-010,Relationship,Government,"['EU Institutions','Public Sector Communications','Policy Writing','Multilingual Projects','Tender Documentation']","['French (Native)','Dutch (Fluent)','English (Fluent)','German (Conversational)']","Government and EU institutions specialist based in the heart of Europe. Expert in navigating multilingual, multi-stakeholder public sector communications."
Katarina Hofer,katarina.hofer@a830edad9050849coep9vqp9bog.onmicrosoft.com,Key Account Manager,Key Accounts,Katarina,Hofer,Key Account Manager,Employee,TextCraft Europe,Vienna Office,Kärntner Ring 12,Vienna,Vienna,Austria,1010,AT,de-AT,+43 1 234 5016,"['+43 1 876 5336']",TCE016,2021-01-05,Key Account Management,Standard,james.obrien@a830edad9050849coep9vqp9bog.onmicrosoft.com,KEY-ACCT,Level-3,KA-011,Consultative,Education,"['Education Sector','Academic Publishing','E-Learning Content','Austrian Market','DACH Region Education']","['German (Native)','English (Fluent)','Hungarian (Conversational)']","Education sector specialist working with universities, publishers, and e-learning platforms across the DACH region and Central Europe."
Niels Andersen,niels.andersen@a830edad9050849coep9vqp9bog.onmicrosoft.com,Key Account Manager,Key Accounts,Niels,Andersen,Key Account Manager,Employee,TextCraft Europe,Copenhagen Office,Strøget 38,Copenhagen,Capital Region,Denmark,1154,DK,da-DK,+45 33 234 5017,"['+45 33 876 5337']",TCE017,2021-03-20,Key Account Management,Standard,james.obrien@a830edad9050849coep9vqp9bog.onmicrosoft.com,KEY-ACCT,Level-3,KA-012,Relationship,Retail,"['Retail Industry','E-commerce Content','Consumer Brands','Nordic Retail','Omnichannel Communications']","['Danish (Native)','English (Fluent)','Swedish (Professional)']","Retail and e-commerce specialist helping brands create consistent voice across all customer touchpoints from web to in-store."
Victoria Palmer,victoria.palmer@a830edad9050849coep9vqp9bog.onmicrosoft.com,Editorial Director,Editorial,Victoria,Palmer,Editorial Director,Employee,TextCraft Europe,London Office,1 Regent Street,London,England,United Kingdom,SW1Y 4NR,GB,en-GB,+44 20 234 5018,"['+44 20 876 5338']",TCE018,2019-02-01,Editorial Leadership,Standard,sebastian.mueller@a830edad9050849coep9vqp9bog.onmicrosoft.com,EDITORIAL,Level-4,ED-001,Authoritative,Style Guardian,"['Editorial Leadership','Style Guide Development','Quality Standards','Team Management','Content Strategy']","['English (Native)','French (Professional)']","Leads the Editorial team ensuring consistent quality across all TextCraft output. Former editor at a major British publishing house with 18 years experience."
François Moreau,francois.moreau@a830edad9050849coep9vqp9bog.onmicrosoft.com,Senior Editor,Editorial,François,Moreau,Senior Editor - Literary,Employee,TextCraft Europe,Paris Office,Avenue des Champs-Élysées 101,Paris,Île-de-France,France,75008,FR,fr-FR,+33 1 234 5019,"['+33 1 876 5339']",TCE019,2019-04-15,Editorial Team,Standard,victoria.palmer@a830edad9050849coep9vqp9bog.onmicrosoft.com,EDITORIAL,Level-3,ED-002,Literary,Fiction & Poetry,"['Literary Editing','Fiction Development','Poetry','Narrative Structure','French Literature']","['French (Native)','English (Fluent)','Spanish (Conversational)']","Senior literary editor specializing in fiction and poetry. Brings a deep appreciation for narrative craft and the musicality of language."
Klaus Weber,klaus.weber@a830edad9050849coep9vqp9bog.onmicrosoft.com,Senior Editor,Editorial,Klaus,Weber,Senior Editor - Technical,Employee,TextCraft Europe,Berlin Office,Friedrichstraße 191,Berlin,Berlin,Germany,10117,DE,de-DE,+49 30 234 5020,"['+49 30 876 5340']",TCE020,2019-06-20,Editorial Team,Standard,victoria.palmer@a830edad9050849coep9vqp9bog.onmicrosoft.com,EDITORIAL,Level-3,ED-003,Technical,Documentation,"['Technical Editing','Documentation Standards','Information Architecture','DITA','Structured Authoring']","['German (Native)','English (Fluent)']","Technical documentation expert ensuring clarity and precision in complex technical content. Background in engineering and technical communication."
Giulia Ferrari,giulia.ferrari@a830edad9050849coep9vqp9bog.onmicrosoft.com,Senior Editor,Editorial,Giulia,Ferrari,Senior Editor - Marketing,Employee,TextCraft Europe,Milan HQ,Via Monte Napoleone 8,Milan,Lombardy,Italy,20121,IT,it-IT,+39 02 234 5021,"['+39 02 876 5341']",TCE021,2019-09-01,Editorial Team,Standard,victoria.palmer@a830edad9050849coep9vqp9bog.onmicrosoft.com,EDITORIAL,Level-3,ED-004,Persuasive,Advertising,"['Marketing Copy Editing','Brand Voice','Advertising Standards','Persuasive Writing','Campaign Messaging']","['Italian (Native)','English (Fluent)','French (Professional)']","Marketing and advertising editor with an eye for compelling copy. Ensures brand messages are both creative and strategically on-point."
Astrid Larsson,astrid.larsson@a830edad9050849coep9vqp9bog.onmicrosoft.com,Senior Editor,Editorial,Astrid,Larsson,Senior Editor - Academic,Employee,TextCraft Europe,Stockholm Office,Strandvägen 7A,Stockholm,Stockholm,Sweden,11456,SE,sv-SE,+46 8 234 5022,"['+46 8 876 5342']",TCE022,2019-11-15,Editorial Team,Standard,victoria.palmer@a830edad9050849coep9vqp9bog.onmicrosoft.com,EDITORIAL,Level-3,ED-005,Academic,Research Papers,"['Academic Editing','Research Paper Standards','Citation Styles','Peer Review','Scientific Writing']","['Swedish (Native)','English (Fluent)','German (Conversational)']","Academic editor with PhD in linguistics. Ensures research papers meet the highest scholarly standards while remaining accessible."
Jan De Vries,jan.devries@a830edad9050849coep9vqp9bog.onmicrosoft.com,Senior Editor,Editorial,Jan,De Vries,Senior Editor - Corporate,Employee,TextCraft Europe,Amsterdam Office,Herengracht 182,Amsterdam,North Holland,Netherlands,1016 BR,NL,nl-NL,+31 20 234 5023,"['+31 20 876 5343']",TCE023,2020-01-10,Editorial Team,Standard,victoria.palmer@a830edad9050849coep9vqp9bog.onmicrosoft.com,EDITORIAL,Level-3,ED-006,Corporate,Business Reports,"['Corporate Editing','Annual Reports','Executive Communications','Financial Writing','Stakeholder Reports']","['Dutch (Native)','English (Fluent)','German (Professional)']","Corporate communications editor specializing in annual reports and executive messaging. Makes complex business content clear and engaging."
Elena Rodriguez,elena.rodriguez@a830edad9050849coep9vqp9bog.onmicrosoft.com,Style Editor,Editorial,Elena,Rodriguez,Style Editor - European Languages,Employee,TextCraft Europe,Madrid Office,Gran Vía 32,Madrid,Madrid,Spain,28013,ES,es-ES,+34 91 234 5024,"['+34 91 876 5344']",TCE024,2020-04-01,Editorial Team,Standard,victoria.palmer@a830edad9050849coep9vqp9bog.onmicrosoft.com,EDITORIAL,Level-3,ED-007,Multilingual,Translation Quality,"['Multilingual Editing','Translation Review','Style Consistency','Romance Languages','Localization']","['Spanish (Native)','English (Fluent)','French (Professional)','Portuguese (Professional)','Italian (Conversational)']","Multilingual style editor ensuring consistent quality across Spanish, French, Portuguese, and Italian content. Expert in maintaining brand voice through translation."
Aoife Murphy,aoife.murphy@a830edad9050849coep9vqp9bog.onmicrosoft.com,Style Editor,Editorial,Aoife,Murphy,Style Editor - English Variants,Employee,TextCraft Europe,Dublin Office,St. Stephen's Green 25,Dublin,Leinster,Ireland,D02 XY88,IE,en-IE,+353 1 234 5025,"['+353 1 876 5345']",TCE025,2020-07-15,Editorial Team,Standard,victoria.palmer@a830edad9050849coep9vqp9bog.onmicrosoft.com,EDITORIAL,Level-3,ED-008,British English,Localisation,"['English Variants','British English','American English','Australian English','Style Guide Adaptation']","['English (Native)','Irish (Conversational)']","English localization specialist ensuring content works perfectly whether targeting UK, US, Australian, or international English audiences."
Maximilian Huber,maximilian.huber@a830edad9050849coep9vqp9bog.onmicrosoft.com,Copy Chief,Editorial,Maximilian,Huber,Copy Chief - DACH Region,Employee,TextCraft Europe,Vienna Office,Kärntner Ring 12,Vienna,Vienna,Austria,1010,AT,de-AT,+43 1 234 5026,"['+43 1 876 5346']",TCE026,2020-10-01,Editorial Team,Standard,victoria.palmer@a830edad9050849coep9vqp9bog.onmicrosoft.com,EDITORIAL,Level-3,ED-009,Precise German,Legal & Formal,"['German Variants','Austrian German','Swiss German','Legal German','Formal Documentation']","['German (Native)','English (Fluent)']","DACH region copy chief ensuring German content is perfectly calibrated for German, Austrian, or Swiss audiences. Expert in formal and legal German."
Lukas Fischer,lukas.fischer@a830edad9050849coep9vqp9bog.onmicrosoft.com,Copy Chief,Editorial,Lukas,Fischer,Copy Chief - International,Employee,TextCraft Europe,Zurich Office,Bahnhofstrasse 28,Zurich,Zurich,Switzerland,8001,CH,de-CH,+41 44 234 5027,"['+41 44 876 5347']",TCE027,2021-01-15,Editorial Team,Standard,victoria.palmer@a830edad9050849coep9vqp9bog.onmicrosoft.com,EDITORIAL,Level-3,ED-010,Neutral English,Global Standards,"['International English','Global Content Standards','Neutral Tone','Cross-Cultural Communication','UN Style']","['German (Native)','English (Fluent)','French (Professional)','Italian (Conversational)']","International copy chief specializing in globally accessible English. Creates content that works across cultures without regional bias."
Charlotte Bennett,charlotte.bennett@a830edad9050849coep9vqp9bog.onmicrosoft.com,Academic Writer Lead,Creative Writing,Charlotte,Bennett,Lead Academic Writer,Employee,TextCraft Europe,London Office,1 Regent Street,London,England,United Kingdom,SW1Y 4NR,GB,en-GB,+44 20 234 5028,"['+44 20 876 5348']",TCE028,2019-05-01,Academic Writing,Standard,sebastian.mueller@a830edad9050849coep9vqp9bog.onmicrosoft.com,WRITING,Level-3,AW-001,Academic,Research & Journals,"['Academic Writing','Research Methodology','Journal Standards','Literature Review','Grant Writing']","['English (Native)','German (Conversational)']","Leads the academic writing team with a PhD from Oxford. Published researcher who brings scholarly rigor to every project."
Dr. Hans Richter,hans.richter@a830edad9050849coep9vqp9bog.onmicrosoft.com,Academic Writer,Creative Writing,Hans,Richter,Senior Academic Writer,Employee,TextCraft Europe,Berlin Office,Friedrichstraße 191,Berlin,Berlin,Germany,10117,DE,de-DE,+49 30 234 5029,"['+49 30 876 5349']",TCE029,2019-07-15,Academic Writing,Standard,charlotte.bennett@a830edad9050849coep9vqp9bog.onmicrosoft.com,WRITING,Level-3,AW-002,Academic,Scientific Papers,"['Scientific Writing','Research Papers','Peer Review','German Academic Standards','STEM Communication']","['German (Native)','English (Fluent)']","Senior academic writer with doctorate in physics. Specializes in making complex scientific concepts accessible without sacrificing precision."
Prof. Erik Nilsson,erik.nilsson@a830edad9050849coep9vqp9bog.onmicrosoft.com,Academic Writer,Creative Writing,Erik,Nilsson,Senior Academic Writer,Employee,TextCraft Europe,Stockholm Office,Strandvägen 7A,Stockholm,Stockholm,Sweden,11456,SE,sv-SE,+46 8 234 5030,"['+46 8 876 5350']",TCE030,2019-10-01,Academic Writing,Standard,charlotte.bennett@a830edad9050849coep9vqp9bog.onmicrosoft.com,WRITING,Level-3,AW-003,Academic,Medical Research,"['Medical Writing','Clinical Research','Healthcare Publications','Medical Journals','Patient Information']","['Swedish (Native)','English (Fluent)','Norwegian (Professional)']","Medical writing specialist with background in clinical research. Ensures medical content is scientifically accurate and ethically sound."
Dr. Camille Laurent,camille.laurent@a830edad9050849coep9vqp9bog.onmicrosoft.com,Academic Writer,Creative Writing,Camille,Laurent,Academic Writer,Employee,TextCraft Europe,Paris Office,Avenue des Champs-Élysées 101,Paris,Île-de-France,France,75008,FR,fr-FR,+33 1 234 5031,"['+33 1 876 5351']",TCE031,2020-02-01,Academic Writing,Standard,charlotte.bennett@a830edad9050849coep9vqp9bog.onmicrosoft.com,WRITING,Level-2,AW-004,Academic,Social Sciences,"['Social Science Writing','Qualitative Research','French Academic Style','Sociology','Anthropology']","['French (Native)','English (Fluent)','German (Conversational)']","Social sciences writer with expertise in qualitative research methodologies. Brings nuanced understanding of human behavior to academic content."
Marta Wiśniewska,marta.wisniewska@a830edad9050849coep9vqp9bog.onmicrosoft.com,Academic Writer,Creative Writing,Marta,Wiśniewska,Academic Writer,Employee,TextCraft Europe,Warsaw Office,Aleje Jerozolimskie 65,Warsaw,Mazovia,Poland,00-697,PL,pl-PL,+48 22 234 5032,"['+48 22 876 5352']",TCE032,2020-05-15,Academic Writing,Standard,charlotte.bennett@a830edad9050849coep9vqp9bog.onmicrosoft.com,WRITING,Level-2,AW-005,Academic,Engineering,"['Engineering Writing','Technical Research','Patent Documentation','Polish Academic Standards','Industrial Research']","['Polish (Native)','English (Fluent)','German (Conversational)']","Engineering-focused academic writer bridging the gap between industrial research and academic publication. Expert in patent documentation."
Joana Ferreira,joana.ferreira@a830edad9050849coep9vqp9bog.onmicrosoft.com,Academic Writer,Creative Writing,Joana,Ferreira,Academic Writer,Employee,TextCraft Europe,Lisbon Office,Avenida da Liberdade 110,Lisbon,Lisbon,Portugal,1269-046,PT,pt-PT,+351 21 234 5033,"['+351 21 876 5353']",TCE033,2020-09-01,Academic Writing,Standard,charlotte.bennett@a830edad9050849coep9vqp9bog.onmicrosoft.com,WRITING,Level-2,AW-006,Academic,Environmental Studies,"['Environmental Writing','Sustainability Research','Climate Communication','Portuguese Academic Style','Marine Science']","['Portuguese (Native)','English (Fluent)','Spanish (Professional)']","Environmental sciences writer passionate about communicating climate research. Specializes in making sustainability data actionable and engaging."
Tobias Schneider,tobias.schneider@a830edad9050849coep9vqp9bog.onmicrosoft.com,Academic Writer,Creative Writing,Tobias,Schneider,Academic Writer,Employee,TextCraft Europe,Vienna Office,Kärntner Ring 12,Vienna,Vienna,Austria,1010,AT,de-AT,+43 1 234 5034,"['+43 1 876 5354']",TCE034,2021-01-10,Academic Writing,Standard,charlotte.bennett@a830edad9050849coep9vqp9bog.onmicrosoft.com,WRITING,Level-2,AW-007,Academic,Economics,"['Economic Writing','Financial Research','Policy Analysis','Austrian Economics','Quantitative Methods']","['German (Native)','English (Fluent)']","Economics writer with strong quantitative background. Translates complex economic models into clear policy recommendations."
Fiona MacLeod,fiona.macleod@a830edad9050849coep9vqp9bog.onmicrosoft.com,Academic Writer,Creative Writing,Fiona,MacLeod,Academic Writer,Employee,TextCraft Europe,Dublin Office,St. Stephen's Green 25,Dublin,Leinster,Ireland,D02 XY88,IE,en-IE,+353 1 234 5035,"['+353 1 876 5355']",TCE035,2021-04-15,Academic Writing,Standard,charlotte.bennett@a830edad9050849coep9vqp9bog.onmicrosoft.com,WRITING,Level-2,AW-008,Academic,Literature Review,"['Literature Reviews','Systematic Reviews','Meta-Analysis','Research Synthesis','Academic Databases']","['English (Native)','Irish (Conversational)','French (Conversational)']","Literature review specialist who excels at synthesizing vast bodies of research into coherent narratives. Expert in systematic review methodologies."
Alexander Wolf,alexander.wolf@a830edad9050849coep9vqp9bog.onmicrosoft.com,Corporate Writer Lead,Creative Writing,Alexander,Wolf,Lead Corporate Writer,Employee,TextCraft Europe,Berlin Office,Friedrichstraße 191,Berlin,Berlin,Germany,10117,DE,de-DE,+49 30 234 5036,"['+49 30 876 5356']",TCE036,2019-04-01,Corporate Writing,Standard,sebastian.mueller@a830edad9050849coep9vqp9bog.onmicrosoft.com,WRITING,Level-3,CW-001,Corporate,Annual Reports,"['Corporate Communications','Annual Reports','Investor Relations','Executive Messaging','Stakeholder Communications']","['German (Native)','English (Fluent)']","Leads corporate writing with 15 years experience crafting annual reports and executive communications for DAX companies."
Willem Bakker,willem.bakker@a830edad9050849coep9vqp9bog.onmicrosoft.com,Corporate Writer,Creative Writing,Willem,Bakker,Senior Corporate Writer,Employee,TextCraft Europe,Amsterdam Office,Herengracht 182,Amsterdam,North Holland,Netherlands,1016 BR,NL,nl-NL,+31 20 234 5037,"['+31 20 876 5357']",TCE037,2019-06-15,Corporate Writing,Standard,alexander.wolf@a830edad9050849coep9vqp9bog.onmicrosoft.com,WRITING,Level-3,CW-002,Corporate,Sustainability Reports,"['Sustainability Reporting','ESG Communications','GRI Standards','Integrated Reporting','Impact Measurement']","['Dutch (Native)','English (Fluent)','German (Professional)']","Sustainability reporting expert helping companies communicate their ESG journey with authenticity and data-driven storytelling."
Isabelle Mercier,isabelle.mercier@a830edad9050849coep9vqp9bog.onmicrosoft.com,Corporate Writer,Creative Writing,Isabelle,Mercier,Corporate Writer,Employee,TextCraft Europe,Brussels Office,Avenue Louise 54,Brussels,Brussels,Belgium,1050,BE,fr-BE,+32 2 234 5038,"['+32 2 876 5358']",TCE038,2019-09-20,Corporate Writing,Standard,alexander.wolf@a830edad9050849coep9vqp9bog.onmicrosoft.com,WRITING,Level-2,CW-003,Corporate,EU Communications,"['EU Communications','Regulatory Writing','Policy Documents','Multilingual Corporate','Public Affairs']","['French (Native)','Dutch (Fluent)','English (Fluent)','German (Conversational)']","EU affairs writer based in Brussels. Expert in translating complex regulatory requirements into clear corporate communications."
Antonio Conti,antonio.conti@a830edad9050849coep9vqp9bog.onmicrosoft.com,Corporate Writer,Creative Writing,Antonio,Conti,Corporate Writer,Employee,TextCraft Europe,Milan HQ,Via Monte Napoleone 8,Milan,Lombardy,Italy,20121,IT,it-IT,+39 02 234 5039,"['+39 02 876 5359']",TCE039,2020-01-15,Corporate Writing,Standard,alexander.wolf@a830edad9050849coep9vqp9bog.onmicrosoft.com,WRITING,Level-2,CW-004,Corporate,Press Releases,"['Press Releases','Media Relations','Crisis Communications','Italian Corporate Style','News Writing']","['Italian (Native)','English (Fluent)']","Press relations writer who crafts compelling news stories. Expert in timing, tone, and the art of the perfect quote."
Ingrid Holm,ingrid.holm@a830edad9050849coep9vqp9bog.onmicrosoft.com,Corporate Writer,Creative Writing,Ingrid,Holm,Corporate Writer,Employee,TextCraft Europe,Copenhagen Office,Strøget 38,Copenhagen,Capital Region,Denmark,1154,DK,da-DK,+45 33 234 5040,"['+45 33 876 5360']",TCE040,2020-04-20,Corporate Writing,Standard,alexander.wolf@a830edad9050849coep9vqp9bog.onmicrosoft.com,WRITING,Level-2,CW-005,Corporate,Internal Communications,"['Internal Communications','Employee Engagement','Change Management','Nordic Corporate Culture','Intranet Content']","['Danish (Native)','English (Fluent)','Swedish (Professional)']","Internal communications specialist who brings the human touch to corporate messaging. Expert in employee engagement during change."
Pablo Navarro,pablo.navarro@a830edad9050849coep9vqp9bog.onmicrosoft.com,Corporate Writer,Creative Writing,Pablo,Navarro,Corporate Writer,Employee,TextCraft Europe,Madrid Office,Gran Vía 32,Madrid,Madrid,Spain,28013,ES,es-ES,+34 91 234 5041,"['+34 91 876 5361']",TCE041,2020-08-01,Corporate Writing,Standard,alexander.wolf@a830edad9050849coep9vqp9bog.onmicrosoft.com,WRITING,Level-2,CW-006,Corporate,Investor Relations,"['Investor Relations','Financial Communications','Earnings Reports','Spanish Corporate','Capital Markets']","['Spanish (Native)','English (Fluent)','Portuguese (Conversational)']","Investor relations writer who makes financial performance compelling. Expert in earnings narratives and shareholder communications."
Sarah Williams,sarah.williams@a830edad9050849coep9vqp9bog.onmicrosoft.com,Corporate Writer,Creative Writing,Sarah,Williams,Corporate Writer,Employee,TextCraft Europe,London Office,1 Regent Street,London,England,United Kingdom,SW1Y 4NR,GB,en-GB,+44 20 234 5042,"['+44 20 876 5362']",TCE042,2020-11-15,Corporate Writing,Standard,alexander.wolf@a830edad9050849coep9vqp9bog.onmicrosoft.com,WRITING,Level-2,CW-007,Corporate,Executive Speeches,"['Speech Writing','Executive Positioning','Thought Leadership','Conference Presentations','Leadership Communications']","['English (Native)','French (Conversational)']","Executive speechwriter who gives leaders their voice. Creates memorable moments for conferences, investor days, and internal town halls."
Karin Meier,karin.meier@a830edad9050849coep9vqp9bog.onmicrosoft.com,Corporate Writer,Creative Writing,Karin,Meier,Corporate Writer,Employee,TextCraft Europe,Zurich Office,Bahnhofstrasse 28,Zurich,Zurich,Switzerland,8001,CH,de-CH,+41 44 234 5043,"['+41 44 876 5363']",TCE043,2021-02-20,Corporate Writing,Standard,alexander.wolf@a830edad9050849coep9vqp9bog.onmicrosoft.com,WRITING,Level-2,CW-008,Corporate,Banking & Finance,"['Banking Communications','Wealth Management','Swiss Financial Style','Private Banking','Compliance Writing']","['German (Native)','English (Fluent)','French (Professional)','Italian (Conversational)']","Swiss banking communications specialist. Brings discretion and precision to private banking and wealth management content."
Oliver Hughes,oliver.hughes@a830edad9050849coep9vqp9bog.onmicrosoft.com,Technical Writer Lead,Creative Writing,Oliver,Hughes,Lead Technical Writer,Employee,TextCraft Europe,London Office,1 Regent Street,London,England,United Kingdom,SW1Y 4NR,GB,en-GB,+44 20 234 5044,"['+44 20 876 5364']",TCE044,2019-03-15,Technical Writing,Standard,sebastian.mueller@a830edad9050849coep9vqp9bog.onmicrosoft.com,WRITING,Level-3,TW-001,Technical,Software Documentation,"['Technical Writing','Software Documentation','API Documentation','Developer Experience','Information Architecture']","['English (Native)']","Leads technical writing with deep expertise in software documentation. Former developer who understands both code and the humans who use it."
Stefan Krause,stefan.krause@a830edad9050849coep9vqp9bog.onmicrosoft.com,Technical Writer,Creative Writing,Stefan,Krause,Senior Technical Writer,Employee,TextCraft Europe,Berlin Office,Friedrichstraße 191,Berlin,Berlin,Germany,10117,DE,de-DE,+49 30 234 5045,"['+49 30 876 5365']",TCE045,2019-06-01,Technical Writing,Standard,oliver.hughes@a830edad9050849coep9vqp9bog.onmicrosoft.com,WRITING,Level-3,TW-002,Technical,API Documentation,"['API Documentation','Developer Portals','OpenAPI Specification','Code Examples','SDK Documentation']","['German (Native)','English (Fluent)']","API documentation specialist who makes complex integrations simple. Creates developer experiences that reduce support tickets."
Lars Eriksen,lars.eriksen@a830edad9050849coep9vqp9bog.onmicrosoft.com,Technical Writer,Creative Writing,Lars,Eriksen,Technical Writer,Employee,TextCraft Europe,Copenhagen Office,Strøget 38,Copenhagen,Capital Region,Denmark,1154,DK,da-DK,+45 33 234 5046,"['+45 33 876 5366']",TCE046,2019-09-15,Technical Writing,Standard,oliver.hughes@a830edad9050849coep9vqp9bog.onmicrosoft.com,WRITING,Level-2,TW-003,Technical,User Manuals,"['User Manuals','Product Documentation','User Experience Writing','Instructional Design','Help Systems']","['Danish (Native)','English (Fluent)','Swedish (Professional)']","User manual specialist focused on the end-user experience. Believes the best documentation is invisible because it just works."
Rosa Martinez,rosa.martinez@a830edad9050849coep9vqp9bog.onmicrosoft.com,Technical Writer,Creative Writing,Rosa,Martinez,Technical Writer,Employee,TextCraft Europe,Madrid Office,Gran Vía 32,Madrid,Madrid,Spain,28013,ES,es-ES,+34 91 234 5047,"['+34 91 876 5367']",TCE047,2020-01-20,Technical Writing,Standard,oliver.hughes@a830edad9050849coep9vqp9bog.onmicrosoft.com,WRITING,Level-2,TW-004,Technical,Hardware Guides,"['Hardware Documentation','Installation Guides','Safety Documentation','CE Marking','Technical Illustrations']","['Spanish (Native)','English (Fluent)','Portuguese (Conversational)']","Hardware documentation expert who makes complex installation procedures foolproof. Expert in safety documentation and regulatory compliance."
Piotr Nowak,piotr.nowak@a830edad9050849coep9vqp9bog.onmicrosoft.com,Technical Writer,Creative Writing,Piotr,Nowak,Technical Writer,Employee,TextCraft Europe,Warsaw Office,Aleje Jerozolimskie 65,Warsaw,Mazovia,Poland,00-697,PL,pl-PL,+48 22 234 5048,"['+48 22 876 5368']",TCE048,2020-05-01,Technical Writing,Standard,oliver.hughes@a830edad9050849coep9vqp9bog.onmicrosoft.com,WRITING,Level-2,TW-005,Technical,Engineering Specs,"['Engineering Specifications','Technical Standards','CAD Documentation','Manufacturing Processes','Quality Documentation']","['Polish (Native)','English (Fluent)','German (Conversational)']","Engineering specification writer with manufacturing background. Creates documentation that bridges design and production."
Laura Fontaine,laura.fontaine@a830edad9050849coep9vqp9bog.onmicrosoft.com,Technical Writer,Creative Writing,Laura,Fontaine,Technical Writer,Employee,TextCraft Europe,Paris Office,Avenue des Champs-Élysées 101,Paris,Île-de-France,France,75008,FR,fr-FR,+33 1 234 5049,"['+33 1 876 5369']",TCE049,2020-08-15,Technical Writing,Standard,oliver.hughes@a830edad9050849coep9vqp9bog.onmicrosoft.com,WRITING,Level-2,TW-006,Technical,Aerospace,"['Aerospace Documentation','Aviation Standards','EASA Compliance','Flight Manuals','Maintenance Documentation']","['French (Native)','English (Fluent)']","Aerospace technical writer with background in aviation. Expert in EASA standards and safety-critical documentation."
Matteo Russo,matteo.russo@a830edad9050849coep9vqp9bog.onmicrosoft.com,Technical Writer,Creative Writing,Matteo,Russo,Technical Writer,Employee,TextCraft Europe,Milan HQ,Via Monte Napoleone 8,Milan,Lombardy,Italy,20121,IT,it-IT,+39 02 234 5050,"['+39 02 876 5370']",TCE050,2020-12-01,Technical Writing,Standard,oliver.hughes@a830edad9050849coep9vqp9bog.onmicrosoft.com,WRITING,Level-2,TW-007,Technical,Automotive,"['Automotive Documentation','Vehicle Systems','ADAS Documentation','Electric Vehicle Tech','Diagnostic Procedures']","['Italian (Native)','English (Fluent)','German (Conversational)']","Automotive technical writer specializing in next-generation vehicle technology. Expert in electric vehicles and autonomous systems documentation."
Oscar Lindgren,oscar.lindgren@a830edad9050849coep9vqp9bog.onmicrosoft.com,Technical Writer,Creative Writing,Oscar,Lindgren,Technical Writer,Employee,TextCraft Europe,Stockholm Office,Strandvägen 7A,Stockholm,Stockholm,Sweden,11456,SE,sv-SE,+46 8 234 5051,"['+46 8 876 5371']",TCE051,2021-03-15,Technical Writing,Standard,oliver.hughes@a830edad9050849coep9vqp9bog.onmicrosoft.com,WRITING,Level-2,TW-008,Technical,Telecom,"['Telecom Documentation','5G Technology','Network Architecture','Protocol Specifications','Infrastructure Guides']","['Swedish (Native)','English (Fluent)']","Telecommunications technical writer covering 5G and next-generation network technologies. Makes complex protocols understandable."
Amélie Petit,amelie.petit@a830edad9050849coep9vqp9bog.onmicrosoft.com,Literary Writer Lead,Creative Writing,Amélie,Petit,Lead Literary Writer,Employee,TextCraft Europe,Paris Office,Avenue des Champs-Élysées 101,Paris,Île-de-France,France,75008,FR,fr-FR,+33 1 234 5052,"['+33 1 876 5372']",TCE052,2019-04-20,Literary Writing,Standard,sebastian.mueller@a830edad9050849coep9vqp9bog.onmicrosoft.com,WRITING,Level-3,LW-001,Literary,Fiction,"['Fiction Writing','Narrative Development','Character Creation','Story Structure','Literary Style']","['French (Native)','English (Fluent)','Spanish (Conversational)']","Leads the literary writing team with a background in published fiction. Brings storytelling craft to even the most commercial projects."
Hendrik Jansen,hendrik.jansen@a830edad9050849coep9vqp9bog.onmicrosoft.com,Literary Writer,Creative Writing,Hendrik,Jansen,Senior Literary Writer,Employee,TextCraft Europe,Amsterdam Office,Herengracht 182,Amsterdam,North Holland,Netherlands,1016 BR,NL,nl-NL,+31 20 234 5053,"['+31 20 876 5373']",TCE053,2019-07-10,Literary Writing,Standard,amelie.petit@a830edad9050849coep9vqp9bog.onmicrosoft.com,WRITING,Level-3,LW-002,Literary,Short Stories,"['Short Fiction','Flash Fiction','Anthology Editing','Dutch Literature','Experimental Forms']","['Dutch (Native)','English (Fluent)','German (Professional)']","Short story specialist who crafts complete worlds in minimal space. Expert in flash fiction and experimental narrative forms."
Siobhan Kelly,siobhan.kelly@a830edad9050849coep9vqp9bog.onmicrosoft.com,Literary Writer,Creative Writing,Siobhan,Kelly,Literary Writer,Employee,TextCraft Europe,Dublin Office,St. Stephen's Green 25,Dublin,Leinster,Ireland,D02 XY88,IE,en-IE,+353 1 234 5054,"['+353 1 876 5374']",TCE054,2019-10-25,Literary Writing,Standard,amelie.petit@a830edad9050849coep9vqp9bog.onmicrosoft.com,WRITING,Level-2,LW-003,Literary,Poetry,"['Poetry','Verse','Lyrical Writing','Irish Literary Tradition','Performance Poetry']","['English (Native)','Irish (Conversational)']","Poet who brings rhythm and beauty to language. Infuses lyrical quality into brand storytelling and campaign messaging."
Chiara Moretti,chiara.moretti@a830edad9050849coep9vqp9bog.onmicrosoft.com,Literary Writer,Creative Writing,Chiara,Moretti,Literary Writer,Employee,TextCraft Europe,Milan HQ,Via Monte Napoleone 8,Milan,Lombardy,Italy,20121,IT,it-IT,+39 02 234 5055,"['+39 02 876 5375']",TCE055,2020-02-15,Literary Writing,Standard,amelie.petit@a830edad9050849coep9vqp9bog.onmicrosoft.com,WRITING,Level-2,LW-004,Literary,Dramatic Writing,"['Dramatic Writing','Screenplay','Dialogue','Italian Cinema Tradition','Video Scripts']","['Italian (Native)','English (Fluent)','French (Conversational)']","Dramatic writer with screenwriting background. Creates compelling dialogue and narrative tension for video content and brand films."
Frederik Mikkelsen,frederik.mikkelsen@a830edad9050849coep9vqp9bog.onmicrosoft.com,Literary Writer,Creative Writing,Frederik,Mikkelsen,Literary Writer,Employee,TextCraft Europe,Copenhagen Office,Strøget 38,Copenhagen,Capital Region,Denmark,1154,DK,da-DK,+45 33 234 5056,"['+45 33 876 5376']",TCE056,2020-06-01,Literary Writing,Standard,amelie.petit@a830edad9050849coep9vqp9bog.onmicrosoft.com,WRITING,Level-2,LW-005,Literary,Nordic Noir,"['Crime Fiction','Nordic Noir','Suspense Writing','Atmospheric Description','Danish Literature']","['Danish (Native)','English (Fluent)','Swedish (Professional)']","Nordic noir specialist who brings suspense and atmosphere to storytelling. Expert in creating tension and building to satisfying conclusions."
Ewa Kowalczyk,ewa.kowalczyk@a830edad9050849coep9vqp9bog.onmicrosoft.com,Literary Writer,Creative Writing,Ewa,Kowalczyk,Literary Writer,Employee,TextCraft Europe,Warsaw Office,Aleje Jerozolimskie 65,Warsaw,Mazovia,Poland,00-697,PL,pl-PL,+48 22 234 5057,"['+48 22 876 5377']",TCE057,2020-09-20,Literary Writing,Standard,amelie.petit@a830edad9050849coep9vqp9bog.onmicrosoft.com,WRITING,Level-2,LW-006,Literary,Historical Fiction,"['Historical Fiction','Period Research','Eastern European History','Cultural Heritage','Archival Research']","['Polish (Native)','English (Fluent)','Russian (Conversational)']","Historical fiction writer bringing the past to vivid life. Expert researcher who ensures historical accuracy while crafting engaging narratives."
George Crawford,george.crawford@a830edad9050849coep9vqp9bog.onmicrosoft.com,Literary Writer,Creative Writing,George,Crawford,Literary Writer,Employee,TextCraft Europe,London Office,1 Regent Street,London,England,United Kingdom,SW1Y 4NR,GB,en-GB,+44 20 234 5058,"['+44 20 876 5378']",TCE058,2021-01-05,Literary Writing,Standard,amelie.petit@a830edad9050849coep9vqp9bog.onmicrosoft.com,WRITING,Level-2,LW-007,Literary,Contemporary Fiction,"['Contemporary Fiction','Social Commentary','British Literary Style','Character-Driven Narrative','Modern Realism']","['English (Native)']","Contemporary fiction writer whose work explores modern life with wit and insight. Expert in character development and authentic dialogue."
Rui Costa,rui.costa@a830edad9050849coep9vqp9bog.onmicrosoft.com,Literary Writer,Creative Writing,Rui,Costa,Literary Writer,Employee,TextCraft Europe,Lisbon Office,Avenida da Liberdade 110,Lisbon,Lisbon,Portugal,1269-046,PT,pt-PT,+351 21 234 5059,"['+351 21 876 5379']",TCE059,2021-04-20,Literary Writing,Standard,amelie.petit@a830edad9050849coep9vqp9bog.onmicrosoft.com,WRITING,Level-2,LW-008,Literary,Magical Realism,"['Magical Realism','Portuguese Literature','Saudade','Narrative Innovation','Lusophone Tradition']","['Portuguese (Native)','English (Fluent)','Spanish (Professional)']","Magical realism writer in the Lusophone tradition. Brings wonder and poetry to brand storytelling with a distinctly Portuguese sensibility."
Christina Hall,christina.hall@a830edad9050849coep9vqp9bog.onmicrosoft.com,Marketing Copywriter Lead,Creative Writing,Christina,Hall,Lead Marketing Copywriter,Employee,TextCraft Europe,London Office,1 Regent Street,London,England,United Kingdom,SW1Y 4NR,GB,en-GB,+44 20 234 5060,"['+44 20 876 5380']",TCE060,2019-05-15,Marketing Copy,Standard,sebastian.mueller@a830edad9050849coep9vqp9bog.onmicrosoft.com,WRITING,Level-3,MC-001,Persuasive,Brand Campaigns,"['Copywriting','Brand Campaigns','Creative Strategy','Integrated Marketing','Campaign Development']","['English (Native)','French (Conversational)']","Leads marketing copywriting with award-winning campaign work for global brands. Believes great copy is strategy made memorable."
Dieter Hoffmann,dieter.hoffmann@a830edad9050849coep9vqp9bog.onmicrosoft.com,Marketing Copywriter,Creative Writing,Dieter,Hoffmann,Senior Marketing Copywriter,Employee,TextCraft Europe,Berlin Office,Friedrichstraße 191,Berlin,Berlin,Germany,10117,DE,de-DE,+49 30 234 5061,"['+49 30 876 5381']",TCE061,2019-08-01,Marketing Copy,Standard,christina.hall@a830edad9050849coep9vqp9bog.onmicrosoft.com,WRITING,Level-3,MC-002,Persuasive,Digital Marketing,"['Digital Copywriting','SEO Content','Performance Marketing','A/B Testing Copy','Conversion Optimization']","['German (Native)','English (Fluent)']","Digital marketing copy specialist who combines creativity with data. Expert in writing copy that converts while maintaining brand voice."
Nadia Janssen,nadia.janssen@a830edad9050849coep9vqp9bog.onmicrosoft.com,Marketing Copywriter,Creative Writing,Nadia,Janssen,Marketing Copywriter,Employee,TextCraft Europe,Brussels Office,Avenue Louise 54,Brussels,Brussels,Belgium,1050,BE,fr-BE,+32 2 234 5062,"['+32 2 876 5382']",TCE062,2019-11-20,Marketing Copy,Standard,christina.hall@a830edad9050849coep9vqp9bog.onmicrosoft.com,WRITING,Level-2,MC-003,Persuasive,Social Media,"['Social Media Copy','Community Management','Platform-Native Content','Viral Content','Influencer Briefs']","['French (Native)','Dutch (Fluent)','English (Fluent)']","Social media copywriter who understands each platform unique language. Creates thumb-stopping content that sparks engagement."
Alejandro Vega,alejandro.vega@a830edad9050849coep9vqp9bog.onmicrosoft.com,Marketing Copywriter,Creative Writing,Alejandro,Vega,Marketing Copywriter,Employee,TextCraft Europe,Madrid Office,Gran Vía 32,Madrid,Madrid,Spain,28013,ES,es-ES,+34 91 234 5063,"['+34 91 876 5383']",TCE063,2020-03-10,Marketing Copy,Standard,christina.hall@a830edad9050849coep9vqp9bog.onmicrosoft.com,WRITING,Level-2,MC-004,Persuasive,Video Scripts,"['Video Scripts','Commercial Writing','Voiceover Scripts','Storyboarding','Motion Graphics Copy']","['Spanish (Native)','English (Fluent)','Portuguese (Conversational)']","Video script specialist who writes for the ear and eye. Creates compelling narratives for commercials, explainers, and brand films."
Birgit Strand,birgit.strand@a830edad9050849coep9vqp9bog.onmicrosoft.com,Marketing Copywriter,Creative Writing,Birgit,Strand,Marketing Copywriter,Employee,TextCraft Europe,Stockholm Office,Strandvägen 7A,Stockholm,Stockholm,Sweden,11456,SE,sv-SE,+46 8 234 5064,"['+46 8 876 5384']",TCE064,2020-06-25,Marketing Copy,Standard,christina.hall@a830edad9050849coep9vqp9bog.onmicrosoft.com,WRITING,Level-2,MC-005,Persuasive,Retail Campaigns,"['Retail Copy','E-commerce Content','Product Descriptions','Promotional Campaigns','Seasonal Marketing']","['Swedish (Native)','English (Fluent)','Norwegian (Professional)']","Retail copywriter who drives purchase decisions. Expert in creating urgency and desire across all customer touchpoints."
Paola Greco,paola.greco@a830edad9050849coep9vqp9bog.onmicrosoft.com,Marketing Copywriter,Creative Writing,Paola,Greco,Marketing Copywriter,Employee,TextCraft Europe,Milan HQ,Via Monte Napoleone 8,Milan,Lombardy,Italy,20121,IT,it-IT,+39 02 234 5065,"['+39 02 876 5385']",TCE065,2020-10-15,Marketing Copy,Standard,christina.hall@a830edad9050849coep9vqp9bog.onmicrosoft.com,WRITING,Level-2,MC-006,Persuasive,Luxury Brands,"['Luxury Copywriting','Aspirational Content','Exclusive Tone','Heritage Storytelling','Italian Luxury Market']","['Italian (Native)','English (Fluent)','French (Professional)']","Luxury brand copywriter who understands exclusivity and desire. Creates content that elevates brands without being pretentious."
Daniel Schmidt,daniel.schmidt@a830edad9050849coep9vqp9bog.onmicrosoft.com,Marketing Copywriter,Creative Writing,Daniel,Schmidt,Marketing Copywriter,Employee,TextCraft Europe,Vienna Office,Kärntner Ring 12,Vienna,Vienna,Austria,1010,AT,de-AT,+43 1 234 5066,"['+43 1 876 5386']",TCE066,2021-02-01,Marketing Copy,Standard,christina.hall@a830edad9050849coep9vqp9bog.onmicrosoft.com,WRITING,Level-2,MC-007,Persuasive,Tourism & Travel,"['Tourism Marketing','Destination Copy','Travel Content','Experience Marketing','Cultural Tourism']","['German (Native)','English (Fluent)','Italian (Conversational)']","Tourism and travel copywriter who inspires wanderlust. Creates destination content that transforms interest into bookings."
Hugo Martins,hugo.martins@a830edad9050849coep9vqp9bog.onmicrosoft.com,Marketing Copywriter,Creative Writing,Hugo,Martins,Marketing Copywriter,Employee,TextCraft Europe,Lisbon Office,Avenida da Liberdade 110,Lisbon,Lisbon,Portugal,1269-046,PT,pt-PT,+351 21 234 5067,"['+351 21 876 5387']",TCE067,2021-05-20,Marketing Copy,Standard,christina.hall@a830edad9050849coep9vqp9bog.onmicrosoft.com,WRITING,Level-2,MC-008,Persuasive,Hospitality,"['Hospitality Marketing','Hotel Copy','Restaurant Content','Guest Experience','Service Industry']","['Portuguese (Native)','English (Fluent)','Spanish (Professional)']","Hospitality copywriter who captures the essence of guest experiences. Creates content that makes readers feel the warmth of welcome."
Nicolas Bernard,nicolas.bernard@a830edad9050849coep9vqp9bog.onmicrosoft.com,Round Table Director,Round Table Coordination,Nicolas,Bernard,Round Table Director,Employee,TextCraft Europe,Paris Office,Avenue des Champs-Élysées 101,Paris,Île-de-France,France,75008,FR,fr-FR,+33 1 234 5068,"['+33 1 876 5388']",TCE068,2019-06-01,Round Table Leadership,Standard,henrik.lindqvist@a830edad9050849coep9vqp9bog.onmicrosoft.com,ROUNDTABLE,Level-4,RT-001,Facilitation,Session Management,"['Facilitation','Workshop Design','Collaborative Writing','Consensus Building','Creative Direction']","['French (Native)','English (Fluent)','German (Conversational)']","Directs the Round Table process that makes TextCraft unique. Expert facilitator who draws the best ideas from diverse creative teams."
Julia Werner,julia.werner@a830edad9050849coep9vqp9bog.onmicrosoft.com,Round Table Coordinator,Round Table Coordination,Julia,Werner,Senior Round Table Coordinator,Employee,TextCraft Europe,Berlin Office,Friedrichstraße 191,Berlin,Berlin,Germany,10117,DE,de-DE,+49 30 234 5069,"['+49 30 876 5389']",TCE069,2019-09-15,Round Table Team,Standard,nicolas.bernard@a830edad9050849coep9vqp9bog.onmicrosoft.com,ROUNDTABLE,Level-3,RT-002,Facilitation,Cross-Dept Sessions,"['Cross-functional Facilitation','Stakeholder Alignment','Meeting Management','Documentation','Process Design']","['German (Native)','English (Fluent)']","Coordinates complex cross-departmental sessions. Expert in aligning diverse perspectives toward unified creative solutions."
Daan Vermeer,daan.vermeer@a830edad9050849coep9vqp9bog.onmicrosoft.com,Round Table Coordinator,Round Table Coordination,Daan,Vermeer,Round Table Coordinator,Employee,TextCraft Europe,Amsterdam Office,Herengracht 182,Amsterdam,North Holland,Netherlands,1016 BR,NL,nl-NL,+31 20 234 5070,"['+31 20 876 5390']",TCE070,2020-01-20,Round Table Team,Standard,nicolas.bernard@a830edad9050849coep9vqp9bog.onmicrosoft.com,ROUNDTABLE,Level-2,RT-003,Facilitation,Client Reviews,"['Client Presentation','Review Sessions','Feedback Integration','Revision Management','Client Relations']","['Dutch (Native)','English (Fluent)','German (Professional)']","Coordinates client review sessions. Expert in presenting creative work and translating client feedback into actionable revisions."
Sofia Lopes,sofia.lopes@a830edad9050849coep9vqp9bog.onmicrosoft.com,Round Table Coordinator,Round Table Coordination,Sofia,Lopes,Round Table Coordinator,Employee,TextCraft Europe,Lisbon Office,Avenida da Liberdade 110,Lisbon,Lisbon,Portugal,1269-046,PT,pt-PT,+351 21 234 5071,"['+351 21 876 5391']",TCE071,2020-05-10,Round Table Team,Standard,nicolas.bernard@a830edad9050849coep9vqp9bog.onmicrosoft.com,ROUNDTABLE,Level-2,RT-004,Facilitation,Creative Sessions,"['Brainstorming','Ideation Workshops','Creative Problem Solving','Design Thinking','Innovation Sessions']","['Portuguese (Native)','English (Fluent)','Spanish (Professional)']","Coordinates creative brainstorming sessions. Expert in unlocking creative potential and capturing breakthrough ideas."
Annika Berg,annika.berg@a830edad9050849coep9vqp9bog.onmicrosoft.com,Round Table Coordinator,Round Table Coordination,Annika,Berg,Round Table Coordinator,Employee,TextCraft Europe,Stockholm Office,Strandvägen 7A,Stockholm,Stockholm,Sweden,11456,SE,sv-SE,+46 8 234 5072,"['+46 8 876 5392']",TCE072,2020-09-01,Round Table Team,Standard,nicolas.bernard@a830edad9050849coep9vqp9bog.onmicrosoft.com,ROUNDTABLE,Level-2,RT-005,Facilitation,Editorial Reviews,"['Editorial Coordination','Quality Review','Style Consistency','Content Approval','Publication Planning']","['Swedish (Native)','English (Fluent)','Danish (Professional)']","Coordinates editorial review sessions. Ensures content quality and style consistency before final delivery."
Lucia Romano,lucia.romano@a830edad9050849coep9vqp9bog.onmicrosoft.com,Round Table Coordinator,Round Table Coordination,Lucia,Romano,Round Table Coordinator,Employee,TextCraft Europe,Milan HQ,Via Monte Napoleone 8,Milan,Lombardy,Italy,20121,IT,it-IT,+39 02 234 5073,"['+39 02 876 5393']",TCE073,2021-01-15,Round Table Team,Standard,nicolas.bernard@a830edad9050849coep9vqp9bog.onmicrosoft.com,ROUNDTABLE,Level-2,RT-006,Facilitation,Style Discussions,"['Style Guide Sessions','Brand Voice Workshops','Tone Alignment','Creative Standards','Visual-Verbal Integration']","['Italian (Native)','English (Fluent)','French (Conversational)']","Coordinates style and tone discussions. Expert in helping teams align on brand voice and creative direction."
Jakub Kovar,jakub.kovar@a830edad9050849coep9vqp9bog.onmicrosoft.com,Round Table Coordinator,Round Table Coordination,Jakub,Kovar,Round Table Coordinator,Employee,TextCraft Europe,Warsaw Office,Aleje Jerozolimskie 65,Warsaw,Mazovia,Poland,00-697,PL,pl-PL,+48 22 234 5074,"['+48 22 876 5394']",TCE074,2021-05-01,Round Table Team,Standard,nicolas.bernard@a830edad9050849coep9vqp9bog.onmicrosoft.com,ROUNDTABLE,Level-2,RT-007,Facilitation,Technical Reviews,"['Technical Content Review','Accuracy Verification','Expert Consultation','Specialist Coordination','Technical Alignment']","['Polish (Native)','English (Fluent)','German (Conversational)']","Coordinates technical content reviews. Ensures technical accuracy by bringing together subject matter experts and writers."
Patrick Ryan,patrick.ryan@a830edad9050849coep9vqp9bog.onmicrosoft.com,Round Table Coordinator,Round Table Coordination,Patrick,Ryan,Round Table Coordinator,Employee,TextCraft Europe,Dublin Office,St. Stephen's Green 25,Dublin,Leinster,Ireland,D02 XY88,IE,en-IE,+353 1 234 5075,"['+353 1 876 5395']",TCE075,2021-09-15,Round Table Team,Standard,nicolas.bernard@a830edad9050849coep9vqp9bog.onmicrosoft.com,ROUNDTABLE,Level-2,RT-008,Facilitation,Final Approvals,"['Final Review Sessions','Sign-off Coordination','Delivery Preparation','Quality Gates','Client Handover']","['English (Native)','Irish (Conversational)']","Coordinates final approval sessions. Expert in managing the critical last stage before content delivery to clients."
Margaret Davies,margaret.davies@a830edad9050849coep9vqp9bog.onmicrosoft.com,QA Director,Quality Assurance,Margaret,Davies,Quality Assurance Director,Employee,TextCraft Europe,London Office,1 Regent Street,London,England,United Kingdom,SW1Y 4NR,GB,en-GB,+44 20 234 5076,"['+44 20 876 5396']",TCE076,2019-03-01,QA Leadership,Standard,henrik.lindqvist@a830edad9050849coep9vqp9bog.onmicrosoft.com,QA,Level-4,QA-001,Quality Control,Standards,"['Quality Management','Editorial Standards','Process Improvement','Team Leadership','Quality Metrics']","['English (Native)','French (Professional)']","Leads Quality Assurance ensuring every piece of content meets TextCraft exacting standards. 20 years in publishing quality control."
Bruno Dupont,bruno.dupont@a830edad9050849coep9vqp9bog.onmicrosoft.com,Senior Proofreader,Quality Assurance,Bruno,Dupont,Senior Proofreader,Employee,TextCraft Europe,Paris Office,Avenue des Champs-Élysées 101,Paris,Île-de-France,France,75008,FR,fr-FR,+33 1 234 5077,"['+33 1 876 5397']",TCE077,2019-06-15,QA Team,Standard,margaret.davies@a830edad9050849coep9vqp9bog.onmicrosoft.com,QA,Level-3,QA-002,Proofreading,French Texts,"['French Proofreading','Grammar','Spelling','Punctuation','Typographic Standards']","['French (Native)','English (Professional)']","Senior French proofreader with an eagle eye for errors. Expert in French grammar, typography, and Académie française standards."
Hannah Klein,hannah.klein@a830edad9050849coep9vqp9bog.onmicrosoft.com,Senior Proofreader,Quality Assurance,Hannah,Klein,Senior Proofreader,Employee,TextCraft Europe,Berlin Office,Friedrichstraße 191,Berlin,Berlin,Germany,10117,DE,de-DE,+49 30 234 5078,"['+49 30 876 5398']",TCE078,2019-10-01,QA Team,Standard,margaret.davies@a830edad9050849coep9vqp9bog.onmicrosoft.com,QA,Level-3,QA-003,Proofreading,German Texts,"['German Proofreading','Duden Standards','Rechtschreibung','Grammar','Style Consistency']","['German (Native)','English (Professional)']","Senior German proofreader ensuring flawless German content. Expert in Duden standards and German typographic conventions."
Andrea Colombo,andrea.colombo@a830edad9050849coep9vqp9bog.onmicrosoft.com,Proofreader,Quality Assurance,Andrea,Colombo,Proofreader,Employee,TextCraft Europe,Milan HQ,Via Monte Napoleone 8,Milan,Lombardy,Italy,20121,IT,it-IT,+39 02 234 5079,"['+39 02 876 5399']",TCE079,2020-02-01,QA Team,Standard,margaret.davies@a830edad9050849coep9vqp9bog.onmicrosoft.com,QA,Level-2,QA-004,Proofreading,Italian Texts,"['Italian Proofreading','Accademia della Crusca','Grammar','Punctuation','Regional Variants']","['Italian (Native)','English (Professional)']","Italian proofreader maintaining the beauty of Italian language. Expert in regional variants and formal Italian standards."
Carmen Ruiz,carmen.ruiz@a830edad9050849coep9vqp9bog.onmicrosoft.com,Proofreader,Quality Assurance,Carmen,Ruiz,Proofreader,Employee,TextCraft Europe,Madrid Office,Gran Vía 32,Madrid,Madrid,Spain,28013,ES,es-ES,+34 91 234 5080,"['+34 91 876 5400']",TCE080,2020-06-15,QA Team,Standard,margaret.davies@a830edad9050849coep9vqp9bog.onmicrosoft.com,QA,Level-2,QA-005,Proofreading,Spanish Texts,"['Spanish Proofreading','RAE Standards','Castilian Spanish','LATAM Variants','Grammar']","['Spanish (Native)','English (Professional)','Portuguese (Conversational)']","Spanish proofreader expert in both European and Latin American Spanish variants. Ensures content works across the Spanish-speaking world."
Marek Zielinski,marek.zielinski@a830edad9050849coep9vqp9bog.onmicrosoft.com,Proofreader,Quality Assurance,Marek,Zielinski,Proofreader,Employee,TextCraft Europe,Warsaw Office,Aleje Jerozolimskie 65,Warsaw,Mazovia,Poland,00-697,PL,pl-PL,+48 22 234 5081,"['+48 22 876 5401']",TCE081,2020-10-01,QA Team,Standard,margaret.davies@a830edad9050849coep9vqp9bog.onmicrosoft.com,QA,Level-2,QA-006,Proofreading,Polish Texts,"['Polish Proofreading','Grammar','Declension','Polish Typography','Technical Polish']","['Polish (Native)','English (Professional)','German (Conversational)']","Polish proofreader ensuring accuracy in one of Europe most complex languages. Expert in Polish grammar and declension."
Celine Mayer,celine.mayer@a830edad9050849coep9vqp9bog.onmicrosoft.com,Fact Checker,Quality Assurance,Celine,Mayer,Senior Fact Checker,Employee,TextCraft Europe,Brussels Office,Avenue Louise 54,Brussels,Brussels,Belgium,1050,BE,fr-BE,+32 2 234 5082,"['+32 2 876 5402']",TCE082,2021-01-20,QA Team,Standard,margaret.davies@a830edad9050849coep9vqp9bog.onmicrosoft.com,QA,Level-3,QA-007,Fact Checking,Research Verification,"['Fact Checking','Source Verification','Research Methods','Data Validation','Journalistic Standards']","['French (Native)','Dutch (Fluent)','English (Fluent)']","Senior fact checker ensuring every claim is verifiable. Background in investigative journalism and research methodology."
Jonas Pettersson,jonas.pettersson@a830edad9050849coep9vqp9bog.onmicrosoft.com,Fact Checker,Quality Assurance,Jonas,Pettersson,Fact Checker,Employee,TextCraft Europe,Stockholm Office,Strandvägen 7A,Stockholm,Stockholm,Sweden,11456,SE,sv-SE,+46 8 234 5083,"['+46 8 876 5403']",TCE083,2021-05-15,QA Team,Standard,margaret.davies@a830edad9050849coep9vqp9bog.onmicrosoft.com,QA,Level-2,QA-008,Fact Checking,Academic Verification,"['Academic Fact Checking','Citation Verification','Statistical Review','Scientific Claims','Source Credibility']","['Swedish (Native)','English (Fluent)']","Academic content fact checker verifying research claims and citations. Ensures scientific accuracy in academic writing."
Rita Almeida,rita.almeida@a830edad9050849coep9vqp9bog.onmicrosoft.com,Consistency Checker,Quality Assurance,Rita,Almeida,Consistency Checker,Employee,TextCraft Europe,Lisbon Office,Avenida da Liberdade 110,Lisbon,Lisbon,Portugal,1269-046,PT,pt-PT,+351 21 234 5084,"['+351 21 876 5404']",TCE084,2021-09-01,QA Team,Standard,margaret.davies@a830edad9050849coep9vqp9bog.onmicrosoft.com,QA,Level-2,QA-009,Consistency,Style Compliance,"['Style Consistency','Brand Compliance','Terminology Management','Cross-Document Review','Version Control']","['Portuguese (Native)','English (Fluent)','Spanish (Professional)']","Consistency checker ensuring unified voice across all deliverables. Expert in maintaining brand standards across large content sets."
Finn O'Connor,finn.oconnor@a830edad9050849coep9vqp9bog.onmicrosoft.com,Plagiarism Analyst,Quality Assurance,Finn,O'Connor,Plagiarism Analyst,Employee,TextCraft Europe,Dublin Office,St. Stephen's Green 25,Dublin,Leinster,Ireland,D02 XY88,IE,en-IE,+353 1 234 5085,"['+353 1 876 5405']",TCE085,2022-01-10,QA Team,Standard,margaret.davies@a830edad9050849coep9vqp9bog.onmicrosoft.com,QA,Level-2,QA-010,Originality,Academic Integrity,"['Plagiarism Detection','Originality Verification','Citation Analysis','Academic Integrity','Copyright Compliance']","['English (Native)','Irish (Conversational)']","Plagiarism analyst ensuring all content is original. Expert in detection tools and academic integrity standards."
Martina Vogel,martina.vogel@a830edad9050849coep9vqp9bog.onmicrosoft.com,Operations Director,Operations,Martina,Vogel,Operations Director,Employee,TextCraft Europe,Berlin Office,Friedrichstraße 191,Berlin,Berlin,Germany,10117,DE,de-DE,+49 30 234 5086,"['+49 30 876 5406']",TCE086,2019-02-15,Operations Leadership,Standard,henrik.lindqvist@a830edad9050849coep9vqp9bog.onmicrosoft.com,OPS,Level-4,OPS-001,Management,Operations,"['Operations Management','Process Design','Resource Planning','Vendor Management','Budget Control']","['German (Native)','English (Fluent)']","Directs all operational functions ensuring TextCraft runs smoothly. Expert in scaling creative operations across multiple locations."
Sylvie Blanc,sylvie.blanc@a830edad9050849coep9vqp9bog.onmicrosoft.com,HR Manager,Operations,Sylvie,Blanc,Human Resources Manager,Employee,TextCraft Europe,Paris Office,Avenue des Champs-Élysées 101,Paris,Île-de-France,France,75008,FR,fr-FR,+33 1 234 5087,"['+33 1 876 5407']",TCE087,2019-05-01,HR Team,Standard,martina.vogel@a830edad9050849coep9vqp9bog.onmicrosoft.com,OPS,Level-3,OPS-002,HR,People Operations,"['HR Management','Talent Acquisition','Employee Relations','European Labor Law','Performance Management']","['French (Native)','English (Fluent)','German (Conversational)']","HR Manager navigating the complexities of pan-European employment. Expert in creative industry talent management."
Robert Taylor,robert.taylor@a830edad9050849coep9vqp9bog.onmicrosoft.com,Finance Manager,Operations,Robert,Taylor,Finance Manager,Employee,TextCraft Europe,London Office,1 Regent Street,London,England,United Kingdom,SW1Y 4NR,GB,en-GB,+44 20 234 5088,"['+44 20 876 5408']",TCE088,2019-08-15,Finance Team,Standard,martina.vogel@a830edad9050849coep9vqp9bog.onmicrosoft.com,OPS,Level-3,OPS-003,Finance,Budgets & Reporting,"['Financial Management','Budgeting','Reporting','Multi-Currency','Project Accounting']","['English (Native)']","Finance Manager ensuring financial health across all European operations. Expert in project-based accounting for creative services."
Petra Novak,petra.novak@a830edad9050849coep9vqp9bog.onmicrosoft.com,IT Manager,Operations,Petra,Novak,IT Infrastructure Manager,Employee,TextCraft Europe,Vienna Office,Kärntner Ring 12,Vienna,Vienna,Austria,1010,AT,de-AT,+43 1 234 5089,"['+43 1 876 5409']",TCE089,2019-11-01,IT Team,Standard,martina.vogel@a830edad9050849coep9vqp9bog.onmicrosoft.com,OPS,Level-3,OPS-004,IT,Infrastructure,"['IT Infrastructure','Microsoft 365','Cloud Services','Security','Collaboration Tools']","['German (Native)','English (Fluent)','Czech (Conversational)']","IT Manager ensuring the technical backbone supports creative work. Expert in Microsoft 365 and collaborative writing tools."
Simon Berger,simon.berger@a830edad9050849coep9vqp9bog.onmicrosoft.com,IT Support Specialist,Operations,Simon,Berger,IT Support Specialist,Employee,TextCraft Europe,Zurich Office,Bahnhofstrasse 28,Zurich,Zurich,Switzerland,8001,CH,de-CH,+41 44 234 5090,"['+41 44 876 5410']",TCE090,2020-03-01,IT Team,Standard,petra.novak@a830edad9050849coep9vqp9bog.onmicrosoft.com,OPS,Level-2,OPS-005,IT,User Support,"['IT Support','User Training','Helpdesk','Software Installation','Remote Support']","['German (Native)','English (Fluent)','French (Professional)']","IT support specialist keeping everyone productive. Expert in supporting creative professionals with their technical needs."
Karen Jensen,karen.jensen@a830edad9050849coep9vqp9bog.onmicrosoft.com,HR Specialist,Operations,Karen,Jensen,HR Specialist,Employee,TextCraft Europe,Copenhagen Office,Strøget 38,Copenhagen,Capital Region,Denmark,1154,DK,da-DK,+45 33 234 5091,"['+45 33 876 5411']",TCE091,2020-07-15,HR Team,Standard,sylvie.blanc@a830edad9050849coep9vqp9bog.onmicrosoft.com,OPS,Level-2,OPS-006,HR,Recruitment,"['Recruitment','Talent Sourcing','Employer Branding','Onboarding','Nordic HR Practices']","['Danish (Native)','English (Fluent)','Swedish (Professional)']","HR specialist focused on finding exceptional creative talent. Expert in sourcing writers and editors across the Nordic region."
Giovanni Ricci,giovanni.ricci@a830edad9050849coep9vqp9bog.onmicrosoft.com,Accountant,Operations,Giovanni,Ricci,Senior Accountant,Employee,TextCraft Europe,Milan HQ,Via Monte Napoleone 8,Milan,Lombardy,Italy,20121,IT,it-IT,+39 02 234 5092,"['+39 02 876 5412']",TCE092,2020-11-01,Finance Team,Standard,robert.taylor@a830edad9050849coep9vqp9bog.onmicrosoft.com,OPS,Level-2,OPS-007,Finance,Payroll,"['Accounting','Payroll','Italian Tax','AP/AR','Financial Compliance']","['Italian (Native)','English (Professional)']","Senior accountant managing payroll and accounts across Italian operations. Expert in Italian tax and employment regulations."
Isabel Fernandez,isabel.fernandez@a830edad9050849coep9vqp9bog.onmicrosoft.com,Office Manager,Operations,Isabel,Fernandez,Office Manager - Madrid,Employee,TextCraft Europe,Madrid Office,Gran Vía 32,Madrid,Madrid,Spain,28013,ES,es-ES,+34 91 234 5093,"['+34 91 876 5413']",TCE093,2021-02-15,Admin Team,Standard,martina.vogel@a830edad9050849coep9vqp9bog.onmicrosoft.com,OPS,Level-2,OPS-008,Admin,Facilities,"['Office Management','Facilities','Vendor Coordination','Event Planning','Administrative Support']","['Spanish (Native)','English (Fluent)','Portuguese (Conversational)']","Office manager creating an inspiring workspace for the Madrid team. Expert in facilities management and office culture."
Agnieszka Kaczmarek,agnieszka.kaczmarek@a830edad9050849coep9vqp9bog.onmicrosoft.com,Administrative Assistant,Operations,Agnieszka,Kaczmarek,Administrative Assistant,Employee,TextCraft Europe,Warsaw Office,Aleje Jerozolimskie 65,Warsaw,Mazovia,Poland,00-697,PL,pl-PL,+48 22 234 5094,"['+48 22 876 5414']",TCE094,2021-06-01,Admin Team,Standard,martina.vogel@a830edad9050849coep9vqp9bog.onmicrosoft.com,OPS,Level-2,OPS-009,Admin,Scheduling,"['Administrative Support','Scheduling','Travel Coordination','Document Management','Meeting Preparation']","['Polish (Native)','English (Fluent)','German (Conversational)']","Administrative assistant keeping the Warsaw office organized. Expert in complex calendar management and travel coordination."
Benjamin Moore,benjamin.moore@a830edad9050849coep9vqp9bog.onmicrosoft.com,Systems Administrator,Operations,Benjamin,Moore,Systems Administrator,Employee,TextCraft Europe,Dublin Office,St. Stephen's Green 25,Dublin,Leinster,Ireland,D02 XY88,IE,en-IE,+353 1 234 5095,"['+353 1 876 5415']",TCE095,2021-10-15,IT Team,Standard,petra.novak@a830edad9050849coep9vqp9bog.onmicrosoft.com,OPS,Level-2,OPS-010,IT,Cloud Systems,"['Systems Administration','Azure','Microsoft 365 Admin','Security','Backup & Recovery']","['English (Native)']","Systems administrator managing cloud infrastructure. Expert in Azure and Microsoft 365 administration for creative workflows."
